[
  {
    "id": "1",
    "name": "Male",
    "file": "https://nolimitcrypto.s3.us-west-2.amazonaws.com/base_models_compressed/Male_Muscular.vrm",
    "thumbnail": "https://nolimitcrypto.s3.us-west-2.amazonaws.com/base_models_compressed/Male_Muscular.png",
    "format": "vrm",
    "bodyTargets": [
      "CC_Base_Body_1",
      "CC_Base_Body_2",
      "CC_Base_Body_3",
      "CC_Base_Body_4",
      "CC_Base_Body_5",
      "CC_Base_Body_6"
    ],
    "traitsDirectory": "https://nolimitcrypto.s3.us-west-2.amazonaws.com/model_traits/male_muscular",
    "thubnailsDirectory": "https://nolimitcrypto.s3.us-west-2.amazonaws.com/model_traits/thubnails"
  },
  {
    "id": "2",
    "name": "Female",
    "file": "https://nolimitcrypto.s3.us-west-2.amazonaws.com/base_models_compressed/Female_Thin.vrm",
    "thumbnail": "https://nolimitcrypto.s3.us-west-2.amazonaws.com/base_models_compressed/Female_Thin.png",
    "format": "vrm",
    "bodyTargets": [
      "CC_Base_Body_1",
      "CC_Base_Body_2",
      "CC_Base_Body_3",
      "CC_Base_Body_4",
      "CC_Base_Body_5",
      "CC_Base_Body_6"
    ],
    "traitsDirectory": "https://nolimitcrypto.s3.us-west-2.amazonaws.com/model_traits/female_thin",
    "thubnailsDirectory": "https://nolimitcrypto.s3.us-west-2.amazonaws.com/model_traits/thubnails"
  }
]
