[
    {
        "trait": "skin",
        "type": "color",
        "collection": [
            {
                "name": "Light",
                "code": ""
            },
            {
                "name": "Normal",
                "code": ""
            },
            {
                "name": "Tan",
                "code": ""
            },
            {
                "name": "Brown",
                "code": ""
            },
            {
                "name": "Dark",
                "code": ""
            },
            {
                "name": "Very Dark",
                "code": ""
            }
        ]
    },
    {
        "trait": "hair",
        "type": "mesh",
        "collection": [
            {
                "id": "uid-h1",
                "name": "Hair 1",
                "directory": "/hair/Hair_1.vrm",
                "thumbnail": "/hair/Hair_1/Isometric.png"
            },
            {
                "id": "uid-h2",
                "name": "Hair 2",
                "directory": "/hair/Hair_2.vrm",
                "thumbnail": "/hair/Hair_2/Isometric.png"
            },
            {
                "id": "uid-h14",
                "name": "Hair 14",
                "directory": "/hair/Hair_14.vrm",
                "thumbnail": "/hair/Hair_14/Isometric.png"
            },
            {
                "id": "uid-h15",
                "name": "Hair 15",
                "directory": "/hair/Hair_15.vrm",
                "thumbnail": "/hair/Hair_15/Isometric.png"
            },
            {
                "id": "uid-h16",
                "name": "Hair 16",
                "directory": "/hair/Hair_16.vrm",
                "thumbnail": "/hair/Hair_16/Isometric.png"
            },
            {
                "id": "uid-h17",
                "name": "Hair 17",
                "directory": "/hair/Hair_17.vrm",
                "thumbnail": "/hair/Hair_17/Isometric.png"
            },
            {
                "id": "uid-h18",
                "name": "Hair 18",
                "directory": "/hair/Hair_18.vrm",
                "thumbnail": "/hair/Hair_18/Isometric.png"
            },
            {
                "id": "uid-h19",
                "name": "Hair 19",
                "directory": "/hair/Hair_19.vrm",
                "thumbnail": "/hair/Hair_19/Isometric.png"
            },
            {
                "id": "uid-h20",
                "name": "Hair 20",
                "directory": "/hair/Hair_20.vrm",
                "thumbnail": "/hair/Hair_20/Isometric.png"
            },
            {
                "id": "uid-h21",
                "name": "Hair 21",
                "directory": "/hair/Hair_21.vrm",
                "thumbnail": "/hair/Hair_21/Isometric.png"
            },
            {
                "id": "uid-h22",
                "name": "Hair 22",
                "directory": "/hair/Hair_22.vrm",
                "thumbnail": "/hair/Hair_22/Isometric.png"
            },
            {
                "id": "uid-h23",
                "name": "Hair 23",
                "directory": "/hair/Hair_23.vrm",
                "thumbnail": "/hair/Hair_23/Isometric.png"
            },
            {
                "id": "uid-h24",
                "name": "Hair 24",
                "directory": "/hair/Hair_24.vrm",
                "thumbnail": "/hair/Hair_24/Isometric.png"
            },
            {
                "id": "uid-h25",
                "name": "Hair 25",
                "directory": "/hair/Hair_25.vrm",
                "thumbnail": "/hair/Hair_25/Isometric.png"
            },
            {
                "id": "uid-h26",
                "name": "Hair 26",
                "directory": "/hair/Hair_26.vrm",
                "thumbnail": "/hair/Hair_26/Isometric.png"
            },
            {
                "id": "uid-h27",
                "name": "Hair 27",
                "directory": "/hair/Hair_27.vrm",
                "thumbnail": "/hair/Hair_27/Isometric.png"
            },
            {
                "id": "uid-h28",
                "name": "Hair 28",
                "directory": "/hair/Hair_28.vrm",
                "thumbnail": "/hair/Hair_28/Isometric.png"
            },
            {
                "id": "uid-h29",
                "name": "Hair 29",
                "directory": "/hair/Hair_29.vrm",
                "thumbnail": "/hair/Hair_29/Isometric.png"
            },
            {
                "id": "uid-h30",
                "name": "Hair 30",
                "directory": "/hair/Hair_30.vrm",
                "thumbnail": "/hair/Hair_30/Isometric.png"
            },
            {
                "id": "uid-h31",
                "name": "Hair 31",
                "directory": "/hair/Hair_31.vrm",
                "thumbnail": "/hair/Hair_31/Isometric.png"
            },
            {
                "id": "uid-h32",
                "name": "Hair 32",
                "directory": "/hair/Hair_32.vrm",
                "thumbnail": "/hair/Hair_32/Isometric.png"
            },
            {
                "id": "uid-h33",
                "name": "Hair 33",
                "directory": "/hair/Hair_33.vrm",
                "thumbnail": "/hair/Hair_33/Isometric.png"
            },
            {
                "id": "uid-h34",
                "name": "Hair 34",
                "directory": "/hair/Hair_34.vrm",
                "thumbnail": "/hair/Hair_34/Isometric.png"
            }
        ]
    },
    {
        "trait": "face",
        "type": "mesh",
        "collection": [
            {
                "id": "uid-f1",
                "name": "Face 1",
                "directory": "/face/Face_1.vrm",
                "thumbnail": "/face/Face_1/Isometric.png"
            },
            {
                "id": "uid-f2",
                "name": "Face 2",
                "directory": "/face/Face_2.vrm",
                "thumbnail": "/face/Face_2/Isometric.png"
            },
            {
                "id": "uid-f14",
                "name": "Face 14",
                "directory": "/face/Face_14.vrm",
                "thumbnail": "/face/Face_14/Isometric.png"
            },
            {
                "id": "uid-f16",
                "name": "Face 16",
                "directory": "/face/Face_16.vrm",
                "thumbnail": "/face/Face_16/Isometric.png"
            },
            {
                "id": "uid-f17",
                "name": "Face 17",
                "directory": "/face/Face_17.vrm",
                "thumbnail": "/face/Face_17/Isometric.png"
            }
        ]
    },
    {
        "trait": "tops",
        "type": "mesh",
        "collection": [
            {
                "id": "uid-t1",
                "name": "Tops 1",
                "directory": "/tops/Tops_1.vrm",
                "thumbnail": "/tops/Tops_1/Isometric.png"
            },
            {
                "id": "uid-t14",
                "name": "Tops 14",
                "directory": "/tops/Tops_14.vrm",
                "thumbnail": "/tops/Tops_14/Isometric.png"
            },
            {
                "id": "uid-t15",
                "name": "Tops 15",
                "directory": "/tops/Tops_15.vrm",
                "thumbnail": "/tops/Tops_15/Isometric.png"
            },
            {
                "id": "uid-t16",
                "name": "Tops 16",
                "directory": "/tops/Tops_16.vrm",
                "thumbnail": "/tops/Tops_16/Isometric.png"
            },
            {
                "id": "uid-t17",
                "name": "Tops 17",
                "directory": "/tops/Tops_17.vrm",
                "thumbnail": "/tops/Tops_17/Isometric.png"
            }
        ]
    },
    {
        "trait": "arms",
        "type": "mesh",
        "collection": [
            {
                "id": "uid-a1",
                "name": "Arms 1",
                "directory": "/arms/Arms_1.vrm",
                "thumbnail": "/arms/Arms_1/Isometric.png"
            },
            {
                "id": "uid-a2",
                "name": "Arms 2",
                "directory": "/arms/Arms_2.vrm",
                "thumbnail": "/arms/Arms_2/Isometric.png"
            },
            {
                "id": "uid-a21",
                "name": "Arms 21",
                "directory": "/arms/Arms_21.vrm",
                "thumbnail": "/arms/Arms_21/Isometric.png"
            }
        ]
    },
    {
        "trait": "shoes",
        "type": "mesh",
        "collection": [
            {
                "id": "uid-s2",
                "name": "Shoes 2",
                "directory": "/shoes/Shoes_2.vrm",
                "thumbnail": "/shoes/Shoes_2/Isometric.png"
            },
            {
                "id": "uid-s14",
                "name": "Shoes 14",
                "directory": "/shoes/Shoes_14.vrm",
                "thumbnail": "/shoes/Shoes_14/Isometric.png"
            },
            {
                "id": "uid-s15",
                "name": "Shoes 15",
                "directory": "/shoes/Shoes_15.vrm",
                "thumbnail": "/shoes/Shoes_15/Isometric.png"
            },
            {
                "id": "uid-s16",
                "name": "Shoes 16",
                "directory": "/shoes/Shoes_16.vrm",
                "thumbnail": "/shoes/Shoes_16/Isometric.png"
            },
            {
                "id": "uid-s19",
                "name": "Shoes 19",
                "directory": "/shoes/Shoes_19.vrm",
                "thumbnail": "/shoes/Shoes_19/Isometric.png"
            }
        ]
    },
    {
        "trait": "legs",
        "type": "mesh",
        "collection": [
            {
                "id": "uid-l15",
                "name": "Legs 15",
                "directory": "/legs/Legs_15.vrm",
                "thumbnail": "/legs/Legs_15/Isometric.png"
            },
            {
                "id": "uid-l20",
                "name": "Legs 20",
                "directory": "/legs/Legs_20.vrm",
                "thumbnail": "/legs/Legs_20/Isometric.png"
            },
            {
                "id": "uid-l21",
                "name": "Legs 21",
                "directory": "/legs/Legs_21.vrm",
                "thumbnail": "/legs/Legs_21/Isometric.png"
            },
            {
                "id": "uid-l23",
                "name": "Legs 23",
                "directory": "/legs/Legs_23.vrm",
                "thumbnail": "/legs/Legs_23/Isometric.png"
            },
            {
                "id": "uid-l27",
                "name": "Legs 27",
                "directory": "/legs/Legs_27.vrm",
                "thumbnail": "/legs/Legs_27/Isometric.png"
            }
        ]
    }
]